{
  "lang":"fr",
  "name":"pipeline",
  "version":"0.0.0",
  "spacy_version":">=3.8.7,<3.9.0",
  "description":"",
  "author":"",
  "email":"",
  "url":"",
  "license":"",
  "spacy_git_version":"4b65aa7",
  "vectors":{
    "width":300,
    "vectors":20000,
    "keys":500000,
    "name":"fr_vectors",
    "mode":"default"
  },
  "labels":{
    "tok2vec":[

    ],
    "textcat":[
      "country",
      "phone",
      "soft_skills",
      "education",
      "projects",
      "email",
      "technical_skills",
      "name",
      "internships",
      "languages",
      "experience",
      "certifications",
      "profile"
    ]
  },
  "pipeline":[
    "tok2vec",
    "textcat"
  ],
  "components":[
    "tok2vec",
    "textcat"
  ],
  "disabled":[

  ],
  "performance":{
    "cats_score":0.9377419427,
    "cats_score_desc":"macro F",
    "cats_micro_p":0.9360568384,
    "cats_micro_r":0.9360568384,
    "cats_micro_f":0.9360568384,
    "cats_macro_p":0.9397327818,
    "cats_macro_r":0.9392343285,
    "cats_macro_f":0.9377419427,
    "cats_macro_auc":0.993697515,
    "cats_f_per_type":{
      "country":{
        "p":0.9651162791,
        "r":0.9764705882,
        "f":0.9707602339
      },
      "phone":{
        "p":0.9836065574,
        "r":1.0,
        "f":0.9917355372
      },
      "soft_skills":{
        "p":0.9746835443,
        "r":0.8369565217,
        "f":0.9005847953
      },
      "education":{
        "p":0.9651162791,
        "r":0.9222222222,
        "f":0.9431818182
      },
      "projects":{
        "p":0.7547169811,
        "r":0.8695652174,
        "f":0.8080808081
      },
      "email":{
        "p":1.0,
        "r":0.988372093,
        "f":0.9941520468
      },
      "technical_skills":{
        "p":0.9659090909,
        "r":0.9239130435,
        "f":0.9444444444
      },
      "name":{
        "p":0.9210526316,
        "r":1.0,
        "f":0.9589041096
      },
      "internships":{
        "p":0.8666666667,
        "r":0.7142857143,
        "f":0.7831325301
      },
      "languages":{
        "p":0.9784946237,
        "r":0.9891304348,
        "f":0.9837837838
      },
      "experience":{
        "p":0.9684210526,
        "r":1.0,
        "f":0.9839572193
      },
      "certifications":{
        "p":0.8834951456,
        "r":0.9891304348,
        "f":0.9333333333
      },
      "profile":{
        "p":0.9892473118,
        "r":1.0,
        "f":0.9945945946
      }
    },
    "tok2vec_loss":1619.1409493871,
    "textcat_loss":6.1839044321
  }
}